{"cameraMode":{"drawMode":0,"name":"Shaded","section":"Shading Mode"},"sceneLighting":false,"audioPlay":false,"sceneViewState":{"showFog":true,"showMaterialUpdate":false,"showSkybox":false,"showFlares":true,"showImageEffects":true,"showParticleSystems":true},"in2DMode":false,"pivot":{"x":12.250001907348633,"y":0.0,"z":-313.56500244140627},"rotation":{"x":-0.027335070073604585,"y":0.9699200987815857,"z":-0.20400473475456239,"w":-0.12996186316013337},"size":8.25558853149414,"orthographic":false}