{"cameraMode":{"drawMode":0,"name":"Shaded","section":"Shading Mode"},"sceneLighting":true,"audioPlay":false,"sceneViewState":{"showFog":true,"showMaterialUpdate":false,"showSkybox":true,"showFlares":true,"showImageEffects":true,"showParticleSystems":true},"in2DMode":false,"pivot":{"x":-5.983695030212402,"y":0.07337784767150879,"z":-1.5847482681274415},"rotation":{"x":-0.1826673299074173,"y":0.04687447100877762,"z":-0.008718776516616345,"w":-0.9820208549499512},"size":4.262900352478027,"orthographic":false}