{"cameraMode":{"drawMode":0,"name":"Shaded","section":"Shading Mode"},"sceneLighting":false,"audioPlay":false,"sceneViewState":{"showFog":true,"showMaterialUpdate":false,"showSkybox":false,"showFlares":true,"showImageEffects":true,"showParticleSystems":true},"in2DMode":false,"pivot":{"x":-2.907473564147949,"y":3.6680102348327638,"z":4.539112567901611},"rotation":{"x":-0.18435652554035188,"y":-0.44732120633125307,"z":0.09478632360696793,"w":-0.8700222373008728},"size":0.04796910285949707,"orthographic":false}