{"cameraMode":{"drawMode":0,"name":"Shaded","section":"Shading Mode"},"sceneLighting":false,"audioPlay":false,"sceneViewState":{"showFog":true,"showMaterialUpdate":false,"showSkybox":false,"showFlares":true,"showImageEffects":true,"showParticleSystems":true},"in2DMode":false,"pivot":{"x":-2.5772457122802736,"y":1.9231643676757813,"z":17.883689880371095},"rotation":{"x":0.11367437243461609,"y":0.5445844531059265,"z":-0.0748002752661705,"w":0.8275968432426453},"size":5.576425552368164,"orthographic":false}