{"cameraMode":{"drawMode":0,"name":"Shaded","section":"Shading Mode"},"sceneLighting":false,"audioPlay":false,"sceneViewState":{"showFog":true,"showMaterialUpdate":false,"showSkybox":false,"showFlares":true,"showImageEffects":true,"showParticleSystems":true},"in2DMode":false,"pivot":{"x":-2.499999523162842,"y":1.4977203607559205,"z":-0.7338621616363525},"rotation":{"x":-0.11983141303062439,"y":-0.22373661398887635,"z":0.027728959918022157,"w":-0.966860830783844},"size":3.8305513858795168,"orthographic":false}