{"cameraMode":{"drawMode":0,"name":"Shaded","section":"Shading Mode"},"sceneLighting":false,"audioPlay":false,"sceneViewState":{"showFog":true,"showMaterialUpdate":false,"showSkybox":false,"showFlares":true,"showImageEffects":true,"showParticleSystems":true},"in2DMode":false,"pivot":{"x":2.1953370571136476,"y":-2.3912675380706789,"z":-3.463657855987549},"rotation":{"x":-0.24338257312774659,"y":-0.31531447172164919,"z":0.0840260311961174,"w":-0.9134001731872559},"size":14.162909507751465,"orthographic":false}