{"cameraMode":{"drawMode":0,"name":"Shaded","section":"Shading Mode"},"sceneLighting":false,"audioPlay":false,"sceneViewState":{"showFog":true,"showMaterialUpdate":false,"showSkybox":false,"showFlares":true,"showImageEffects":true,"showParticleSystems":true},"in2DMode":false,"pivot":{"x":-2.4999969005584719,"y":1.5966495275497437,"z":2.499997615814209},"rotation":{"x":-0.11983141303062439,"y":-0.22373661398887635,"z":0.027728959918022157,"w":-0.966860830783844},"size":5.318593502044678,"orthographic":false}