{"cameraMode":{"drawMode":0,"name":"Shaded","section":"Shading Mode"},"sceneLighting":false,"audioPlay":false,"sceneViewState":{"showFog":true,"showMaterialUpdate":false,"showSkybox":false,"showFlares":true,"showImageEffects":true,"showParticleSystems":true},"in2DMode":false,"pivot":{"x":0.0020598769187927248,"y":1.5085334777832032,"z":0.5378387570381165},"rotation":{"x":-0.11983141303062439,"y":-0.22373661398887635,"z":0.027728959918022157,"w":-0.966860830783844},"size":2.6205697059631349,"orthographic":false}