{"cameraMode":{"drawMode":0,"name":"Shaded","section":"Shading Mode"},"sceneLighting":false,"audioPlay":false,"sceneViewState":{"showFog":true,"showMaterialUpdate":false,"showSkybox":false,"showFlares":true,"showImageEffects":true,"showParticleSystems":true},"in2DMode":false,"pivot":{"x":1.7881393432617188e-7,"y":0.4952772259712219,"z":-0.00001233816146850586},"rotation":{"x":-0.06854628026485443,"y":-0.9314596652984619,"z":0.2496907114982605,"w":-0.2556760311126709},"size":1.8411846160888672,"orthographic":false}