{"cameraMode":{"drawMode":0,"name":"Shaded","section":"Shading Mode"},"sceneLighting":false,"audioPlay":false,"sceneViewState":{"showFog":true,"showMaterialUpdate":false,"showSkybox":false,"showFlares":true,"showImageEffects":true,"showParticleSystems":true},"in2DMode":false,"pivot":{"x":0.0,"y":2.9700000286102297,"z":74.19000244140625},"rotation":{"x":-0.25551530718803408,"y":0.11912835389375687,"z":-0.03173745423555374,"w":-0.9589211940765381},"size":1.7320507764816285,"orthographic":false}