{"cameraMode":{"drawMode":0,"name":"Shaded","section":"Shading Mode"},"sceneLighting":false,"audioPlay":false,"sceneViewState":{"showFog":true,"showMaterialUpdate":false,"showSkybox":false,"showFlares":true,"showImageEffects":true,"showParticleSystems":true},"in2DMode":false,"pivot":{"x":55.50000762939453,"y":0.0,"z":0.00000762939453125},"rotation":{"x":0.20680302381515504,"y":0.1606224924325943,"z":-0.03441544994711876,"w":0.9645166993141174},"size":12.38316822052002,"orthographic":false}