{"cameraMode":{"drawMode":0,"name":"Shaded","section":"Shading Mode"},"sceneLighting":false,"audioPlay":false,"sceneViewState":{"showFog":true,"showMaterialUpdate":false,"showSkybox":false,"showFlares":true,"showImageEffects":true,"showParticleSystems":true},"in2DMode":false,"pivot":{"x":0.0015625953674316407,"y":-0.07676252722740174,"z":0.21452569961547852},"rotation":{"x":-0.07361319661140442,"y":0.9258722066879273,"z":-0.27761310338974,"w":-0.24550795555114747},"size":6.922924995422363,"orthographic":false}