{"cameraMode":{"drawMode":0,"name":"Shaded","section":"Shading Mode"},"sceneLighting":false,"audioPlay":false,"sceneViewState":{"showFog":true,"showMaterialUpdate":false,"showSkybox":false,"showFlares":true,"showImageEffects":true,"showParticleSystems":true},"in2DMode":false,"pivot":{"x":-108.45731353759766,"y":-18.533594131469728,"z":75.92788696289063},"rotation":{"x":-0.07361319661140442,"y":0.9258722066879273,"z":-0.27761310338974,"w":-0.24550795555114747},"size":121.2726821899414,"orthographic":false}