{"cameraMode":{"drawMode":0,"name":"Shaded","section":"Shading Mode"},"sceneLighting":false,"audioPlay":false,"sceneViewState":{"showFog":true,"showMaterialUpdate":false,"showSkybox":false,"showFlares":true,"showImageEffects":true,"showParticleSystems":true},"in2DMode":false,"pivot":{"x":-5.000993728637695,"y":0.10685420036315918,"z":4.999993324279785},"rotation":{"x":-0.185426726937294,"y":0.8011377453804016,"z":-0.4756738543510437,"w":-0.31229886412620547},"size":10.191789627075196,"orthographic":false}