{"cameraMode":{"drawMode":0,"name":"Shaded","section":"Shading Mode"},"sceneLighting":false,"audioPlay":false,"sceneViewState":{"showFog":true,"showMaterialUpdate":false,"showSkybox":false,"showFlares":true,"showImageEffects":true,"showParticleSystems":true},"in2DMode":false,"pivot":{"x":55.200294494628909,"y":-2.9670639038085939,"z":-291.11651611328127},"rotation":{"x":-0.25572094321250918,"y":-0.2251182496547699,"z":0.06136468052864075,"w":-0.9381722211837769},"size":63.2695426940918,"orthographic":false}