{"cameraMode":{"drawMode":0,"name":"Shaded","section":"Shading Mode"},"sceneLighting":true,"audioPlay":false,"sceneViewState":{"showFog":true,"showMaterialUpdate":false,"showSkybox":true,"showFlares":true,"showImageEffects":true,"showParticleSystems":true},"in2DMode":false,"pivot":{"x":-7493.1025390625,"y":-0.8363189697265625,"z":-5311.6240234375},"rotation":{"x":-0.08137267082929611,"y":0.5854281783103943,"z":-0.059217359870672229,"w":-0.8044541478157044},"size":481.78594970703127,"orthographic":false}