{"cameraMode":{"drawMode":0,"name":"Shaded","section":"Shading Mode"},"sceneLighting":true,"audioPlay":false,"sceneViewState":{"showFog":true,"showMaterialUpdate":false,"showSkybox":true,"showFlares":true,"showImageEffects":true,"showParticleSystems":true},"in2DMode":false,"pivot":{"x":0.8782577514648438,"y":-40.612735748291019,"z":-8.395538330078125},"rotation":{"x":-0.130482479929924,"y":-0.14607572555541993,"z":0.019466418772935869,"w":-0.9804551005363464},"size":114.76283264160156,"orthographic":false}